"Positions for account Primary ...854 as of 10:30 AM ET, 2024/11/13",,,,,,,,,,,,,,,,
,,,,,,,,,,,,,,,,
Symbol,Description,Qty (Quantity),Price,Price Chng % (Price Change %),Price Chng $ (Price Change $),Mkt Val (Market Value),Day Chng % (Day Change %),Day Chng $ (Day Change $),Cost Basis,Gain % (Gain/Loss %),Gain $ (Gain/Loss $),Ratings,Reinvest?,Reinvest Capital Gains?,% of Acct (% of Account),Security Type
AAPL,APPLE INC,400,$223.24 ,-0.44%,($0.99),"$89,296.00 ",-0.44%,($396.00),"$19,098.69 ",367.55%,"$70,197.31 ",--,No,--,1.01%,Equity
ABBV,ABBVIE INC,300,$170.99 ,-0.06%,($0.10),"$51,297.00 ",-0.06%,($30.00),"$25,608.59 ",100.31%,"$25,688.41 ",--,No,--,0.58%,Equity
AMGN,AMGEN INC,100,$299.73 ,0.30%,$0.89 ,"$29,973.00 ",0.30%,$89.00 ,"$16,933.63 ",77%,"$13,039.37 ",--,No,--,0.34%,Equity
AMZN,AMAZON.COM INC,360,$210.92 ,0.96%,$2.01 ,"$75,932.64 ",0.96%,$725.04 ,"$23,122.08 ",228.40%,"$52,810.56 ",--,No,--,0.86%,Equity
BAC,BANK OF AMERICA CORP,800,$46.13 ,0.58%,$0.27 ,"$36,900.24 ",0.58%,$212.24 ,"$20,042.38 ",84.11%,"$16,857.86 ",--,No,--,0.42%,Equity
COST,COSTCO WHSL CORP NEW,75,$931.09 ,-0.14%,($1.29),"$69,831.75 ",-0.14%,($96.75),"$11,700.45 ",496.83%,"$58,131.30 ",--,No,--,0.79%,Equity
CSCO,CISCO SYS INC,850,$58.56 ,-0.26%,($0.15),"$49,774.05 ",-0.26%,($129.46),"$27,389.22 ",81.73%,"$22,384.83 ",--,No,--,0.56%,Equity
CVX,CHEVRON CORP NEW,250,$155.85 ,0.36%,$0.56 ,"$38,962.50 ",0.36%,$140.00 ,"$27,502.76 ",41.67%,"$11,459.74 ",--,No,--,0.44%,Equity
DOW,DOW INC,800,$44.96 ,-0.18%,($0.08),"$35,966.00 ",-0.18%,($66.00),"$28,546.65 ",25.99%,"$7,419.35 ",--,No,--,0.41%,Equity
GIS,GENERAL MLS INC,800,$64.58 ,0.50%,$0.32 ,"$51,664.00 ",0.50%,$256.00 ,"$30,320.12 ",70.40%,"$21,343.88 ",--,No,--,0.58%,Equity
GOOGL,ALPHABET INC CLASS A,700,$179.40 ,-1.22%,($2.22),"$125,580.00 ",-1.22%,"($1,554.00)","$32,166.22 ",290.41%,"$93,413.78 ",--,No,--,1.42%,Equity
HD,HOME DEPOT INC,200,$408.13 ,1.25%,$5.05 ,"$81,626.00 ",1.25%,"$1,010.00 ","$32,551.76 ",150.76%,"$49,074.24 ",--,No,--,0.92%,Equity
HON,HONEYWELL INTL INC,250,$234.10 ,0.08%,$0.19 ,"$58,525.00 ",0.08%,$47.50 ,"$24,336.84 ",140.48%,"$34,188.16 ",--,No,--,0.66%,Equity
IBM,IBM CORP,200,$210.75 ,-0.05%,($0.11),"$42,149.08 ",-0.05%,($22.92),"$22,695.54 ",85.72%,"$19,453.54 ",--,No,--,0.48%,Equity
JNJ,JOHNSON & JOHNSON,300,$152.21 ,-0.28%,($0.43),"$45,663.00 ",-0.28%,($129.00),"$32,654.49 ",39.84%,"$13,008.51 ",--,No,--,0.52%,Equity
JPM,JPMORGAN CHASE & CO,300,$243.01 ,1.44%,$3.45 ,"$72,903.00 ",1.44%,"$1,035.00 ","$27,220.16 ",167.83%,"$45,682.84 ",--,No,--,0.82%,Equity
KMB,KIMBERLY CLARK CORP,150,$133.10 ,0.72%,$0.96 ,"$19,964.69 ",0.72%,$143.69 ,"$17,050.12 ",17.09%,"$2,914.57 ",--,No,--,0.23%,Equity
KO,THE COCA-COLA CO,400,$63.01 ,-0.30%,($0.19),"$25,204.00 ",-0.30%,($76.00),"$18,634.00 ",35.26%,"$6,570.00 ",--,No,--,0.29%,Equity
LLY,ELI LILLY AND CO,30,$816.65 ,-0.27%,($2.21),"$24,499.50 ",-0.27%,($66.30),"$3,402.75 ",619.99%,"$21,096.75 ",--,No,--,0.28%,Equity
LMT,LOCKHEED MARTIN CORP,100,$560.11 ,-1.03%,($5.85),"$56,011.00 ",-1.03%,($585.00),"$24,705.68 ",126.71%,"$31,305.32 ",--,No,--,0.63%,Equity
MRK,MERCK & CO. INC.,584,$98.17 ,-0.42%,($0.42),"$57,328.36 ",-0.42%,($242.36),"$43,244.23 ",32.57%,"$14,084.13 ",--,No,--,0.65%,Equity
MSFT,MICROSOFT CORP,140,$419.38 ,-0.86%,($3.65),"$58,713.20 ",-0.86%,($511.00),"$24,772.90 ",137.01%,"$33,940.30 ",--,No,--,0.66%,Equity
NOW,SERVICENOW INC,100,"$1,049.62 ",0.13%,$1.33 ,"$104,962.00 ",0.13%,$133.00 ,"$16,911.70 ",520.65%,"$88,050.30 ",--,No,--,1.19%,Equity
PAYX,PAYCHEX INC,300,$147.48 ,-0.35%,($0.52),"$44,244.00 ",-0.35%,($156.00),"$18,279.36 ",142.04%,"$25,964.64 ",--,No,--,0.50%,Equity
PEP,PEPSICO INC,300,$163.27 ,-0.65%,($1.07),"$48,982.20 ",-0.65%,($319.80),"$29,799.42 ",64.37%,"$19,182.78 ",--,No,--,0.55%,Equity
RTX,RTX CORP,100,$123.44 ,0.06%,$0.07 ,"$12,344.00 ",0.06%,$7.00 ,"$7,849.34 ",57.26%,"$4,494.66 ",--,No,--,0.14%,Equity
SAP,SAP SE FSPONSORED ADR 1 ADR REPS 1 ORD SHS,400,$229.24 ,-2.23%,($5.23),"$91,696.00 ",-2.23%,"($2,092.00)","$42,350.18 ",116.52%,"$49,345.82 ",--,No,--,1.04%,Equity
UNP,UNION PAC CORP,225,$239.60 ,0.29%,$0.69 ,"$53,910.00 ",0.29%,$155.25 ,"$23,682.55 ",127.64%,"$30,227.45 ",--,No,--,0.61%,Equity
UPS,UNITED PARCEL SVC INC CLASS B,350,$130.56 ,0.32%,$0.42 ,"$45,694.25 ",0.32%,$145.25 ,"$33,967.82 ",34.52%,"$11,726.43 ",--,No,--,0.52%,Equity
V,VISA INC CLASS A,260,$308.35 ,-0.48%,($1.50),"$80,171.88 ",-0.48%,($389.12),"$36,075.20 ",122.24%,"$44,096.68 ",--,No,--,0.91%,Equity
WMT,WALMART INC,900,$85.08 ,0.11%,$0.09 ,"$76,571.91 ",0.11%,$80.91 ,"$28,628.92 ",167.46%,"$47,942.99 ",--,No,--,0.87%,Equity
IJR,ISHARES CORE S&P SMALL CAP ETF,"2,500",$125.05 ,0.58%,$0.73 ,"$312,612.50 ",0.58%,"$1,812.50 ","$153,441.23 ",103.73%,"$159,171.27 ",--,No,--,3.54%,ETFs & Closed End Funds
IWM,ISHARES RUSSELL 2000 ETF,"1,200",$238.93 ,0.62%,$1.47 ,"$286,710.00 ",0.62%,"$1,758.00 ","$146,110.16 ",96.23%,"$140,599.84 ",--,No,--,3.24%,ETFs & Closed End Funds
MDY,SPDR S&P MIDCAP 400 ETF IV,600,$602.92 ,0.28%,$1.67 ,"$361,752.00 ",0.28%,"$1,002.00 ","$164,251.01 ",120.24%,"$197,500.99 ",--,No,--,4.09%,ETFs & Closed End Funds
RSP,INVSC S P 500 EQUAL WEIGHT ETF IV,"4,000",$184.08 ,0.26%,$0.47 ,"$736,320.00 ",0.26%,"$1,880.00 ","$322,584.24 ",128.26%,"$413,735.76 ",--,No,--,8.33%,ETFs & Closed End Funds
SCHB,SCHWAB US BROAD MARKET ETF,"24,000",$23.21 ,-0.02%,($0.00),"$556,922.40 ",-0.02%,($117.60),"$237,025.75 ",134.96%,"$319,896.65 ",--,No,--,6.30%,ETFs & Closed End Funds
SPY,SPDR S&P 500 ETF IV,"1,500",$596.29 ,-0.10%,($0.61),"$894,436.80 ",-0.10%,($913.20),"$372,761.59 ",139.95%,"$521,675.21 ",--,No,--,10.12%,ETFs & Closed End Funds
VTI,VANGUARD TOTAL STOCK MARKET ETF,"2,200",$296.36 ,N/A,($0.01),"$651,992.00 ",N/A,($22.00),"$280,521.25 ",132.42%,"$371,470.75 ",--,No,--,7.38%,ETFs & Closed End Funds
VUG,VANGUARD GROWTH ETF,953.3502,$408.10 ,-0.17%,($0.70),"$389,061.07 ",-0.17%,($668.49),"$130,749.13 ",197.56%,"$258,311.94 ",--,Yes,--,4.40%,ETFs & Closed End Funds
VV,VANGUARD LARGE CAP ETF,"2,500",$274.42 ,-0.09%,($0.25),"$686,050.00 ",-0.09%,($625.00),"$278,107.04 ",146.69%,"$407,942.96 ",--,No,--,7.76%,ETFs & Closed End Funds
XLF,SELECT STR FINANCIAL SELECT SPDR ETF,"1,250",$49.85 ,0.21%,$0.11 ,"$62,306.25 ",0.21%,$131.25 ,"$29,199.48 ",113.38%,"$33,106.77 ",--,No,--,0.70%,ETFs & Closed End Funds
XLI,SELECT SECTOR INDUSTRIALSPDR ETF,"2,000",$142.63 ,0.47%,$0.67 ,"$285,260.00 ",0.47%,"$1,340.00 ","$124,548.16 ",129.04%,"$160,711.84 ",--,No,--,3.23%,ETFs & Closed End Funds
AUNYX,AB MUNICIPAL BOND INFLATION STRATEGY ADV,"35,077.38",$10.81 ,N/A,N/A,"$379,186.50 ",N/A,N/A,"$358,447.77 ",5.79%,"$20,738.73 ",5,Yes,Yes,4.29%,Mutual Fund
052430RM9,AUSTIN TEX INDPT SC 5%25GO UTX DUE 08/01/25,"50,000",$101.33 ,N/A,N/A,"$50,666.50 ",N/A,N/A,"$51,192.03 ",-1.03%,($525.53),NR / Aaa,N/A,--,0.57%,Fixed Income
052477XJ0,AUSTIN TEX WTR & WA 5%24WRSR UTIL DUE 11/15/24,"15,000",$100.01 ,N/A,N/A,"$15,001.05 ",N/A,N/A,"$15,194.17 ",-1.27%,($193.12),NR / NR,N/A,--,0.17%,Fixed Income
052477XN1,AUSTIN TEX WTR & WA 5%24WRSR UTIL DUE 11/15/24,"10,000",$100.01 ,N/A,N/A,"$10,000.80 ",N/A,N/A,"$10,129.45 ",-1.27%,($128.65),AA / Aa2,N/A,--,0.11%,Fixed Income
235308XB4,DALLAS TEX INDPT SC 5%26GO UTX DUE 02/15/26,"25,000",$102.42 ,N/A,N/A,"$25,606.00 ",N/A,N/A,"$25,831.58 ",-0.87%,($225.58),AA+ / Aa1,N/A,--,0.29%,Fixed Income
414005UJ5,HARRIS CNTY TEX 5%26GO UTX DUE 10/01/26,"25,000",$101.57 ,N/A,N/A,"$25,391.25 ",N/A,N/A,"$25,756.94 ",-1.42%,($365.69),AAA / Aaa,N/A,--,0.29%,Fixed Income
498531FH0,KLEIN TEX INDPT SCH 5%26GO UTX DUE 08/01/26,"25,000",$101.24 ,N/A,N/A,"$25,310.50 ",N/A,N/A,"$25,758.55 ",-1.74%,($448.05),AAA / Aaa,N/A,--,0.29%,Fixed Income
912797HP5,US TREASURY BILL24U S T BILL DUE 11/29/24,"200,000",$99.80 ,N/A,N/A,"$199,603.56 ",N/A,N/A,"$194,877.02 ",2.43%,"$4,726.54 ",NR / NR,No,--,2.26%,Fixed Income
91282CEW7,US TREASUR NT 3.25%06/27UST NOTE DUE 06/30/27,"50,000",$97.39 ,N/A,N/A,"$48,695.31 ",N/A,N/A,"$48,769.53 ",-0.15%,($74.22),NR / Aaa,No,--,0.55%,Fixed Income
91282CFE6,US TREASU NT 3.125%08/25UST NOTE DUE 08/15/25,"150,000",$98.98 ,N/A,N/A,"$148,476.56 ",N/A,N/A,"$148,555.80 ",-0.05%,($79.24),NR / Aaa,No,--,1.68%,Fixed Income
91282CFK2,US TREASUR NT 3.5%09/25UST NOTE DUE 09/15/25,"200,000",$99.23 ,N/A,N/A,"$198,468.75 ",N/A,N/A,"$196,216.94 ",1.15%,"$2,251.81 ",NR / Aaa,No,--,2.25%,Fixed Income
91282CFP1,US TREASUR NT 4.25%10/25UST NOTE DUE 10/15/25,"50,000",$99.84 ,N/A,N/A,"$49,921.88 ",N/A,N/A,"$50,000.40 ",-0.16%,($78.52),NR / Aaa,No,--,0.56%,Fixed Income
91282CFX4,US TREASUR NT 4.5%11/24UST NOTE DUE 11/30/24,"50,000",$99.97 ,N/A,N/A,"$49,984.38 ",N/A,N/A,"$50,027.05 ",-0.09%,($42.67),NR / Aaa,No,--,0.57%,Fixed Income
91282CJB8,US TREASUR NT 5%09/25UST NOTE DUE 09/30/25,"100,000",$100.45 ,N/A,N/A,"$100,453.13 ",N/A,N/A,"$100,354.74 ",0.10%,$98.39 ,NR / Aaa,No,--,1.14%,Fixed Income
SGUXX,SCHWAB GOVERNMENT MONEY ULTRA,"520,879.81",$1.00 ,N/A,N/A,"$520,879.81 ",N/A,N/A,"$520,879.81 ",0%,$0.00 ,--,Yes,Yes,5.89%,Cash and Money Market
Cash & Cash Investments,--,--,--,--,--,"$12,958.91 ",0%,$0.00 ,--,--,--,--,--,--,0.15%,Cash and Money Market
Account Total,--,--,--,--,--,"$8,840,368.16 ",0.03%,"$2,895.63 ","$4,832,534.57 ",82.67%,"$3,994,874.68 ",--,--,--,--,--
